hour,MAE,RMSE,sMAPE,Bias,n_obs
0,18.33826264421553,23.137844082269503,40.29856821761073,2.3231740578446907,631
1,17.04740423984127,21.77636649438351,44.310988000224725,0.20297148111111138,630
2,16.186219794533763,20.846077202053817,44.37089886304104,-0.6043584321543406,622
3,16.091825011587304,20.68144582151717,52.10033659185902,-3.159037675714286,630
4,16.493702283380955,21.065469414154865,57.36339379210516,-4.473856162015873,630
5,16.324706867142854,20.98805726623522,49.646735164388495,-3.2505332233333335,630
6,17.28164390984127,22.201591898683468,40.92691420267921,-2.4454293336507935,630
7,20.341457511904764,26.489959547168212,38.892701385902726,-0.2825577185714287,630
8,20.886789535714286,27.851661477050015,37.92285192517935,2.0652055953968254,630
9,17.95093893842857,24.242843635595225,45.35751391418882,-0.28266679398412675,630
10,17.00888144536508,22.305144647142587,62.25521683622608,-3.2476553323492063,630
11,17.558881506809524,22.882882951103955,77.31608636816175,-4.957000521761905,630
12,17.532979944523806,22.728554759431276,81.42883426837429,-5.108559492238095,630
13,17.91345681425714,23.772534998688478,87.36702353857623,-6.946340048320635,630
14,18.838241975957143,24.950648176637706,88.63144533718175,-7.800790297531746,630
15,18.98342316125397,24.46292716395464,88.60898879851956,-7.665062756746032,630
16,18.678214001825395,24.30310159364237,79.74509165792212,-6.146365637857143,630
17,19.305291889444444,25.58748498644016,62.03475925726087,-4.889714212142857,630
18,20.379511565079365,27.964158441879512,39.76759372004586,-3.479236958730159,630
19,20.74582200952381,26.780956641984123,29.138936369721414,-0.007653911111110876,630
20,19.602220774603175,25.32083606221245,27.13651064820734,0.5405754317460325,630
21,19.91378959047619,25.729354627859006,28.71053730184938,0.16350992698412678,630
22,17.677198174603173,23.065147983763712,25.692110622007046,0.6538871460317458,630
23,16.926465174603177,22.151480965001436,28.05781323216547,-1.0751938253968252,630
