feature,status
price_da_lag_1d,model_safe
price_da_lag_2d,model_safe
price_da_lag_7d,model_safe
price_da_rollmean_1d,model_safe
price_da_rollstd_1d,model_safe
price_da_rollmean_7d,model_safe
price_da_rollstd_7d,model_safe
hour,model_safe
weekday,model_safe
is_weekend,model_safe
month,model_safe
hour_sin,model_safe
hour_cos,model_safe
weekday_sin,model_safe
weekday_cos,model_safe
month_sin,model_safe
month_cos,model_safe
is_holiday,model_safe
demand_forecast_j1,candidate_publication_check
temperature_2m,diagnostic_only
wind_speed_10m,diagnostic_only
shortwave_radiation,diagnostic_only
demand_actual,diagnostic_only
oil_generation,diagnostic_only
coal_generation,diagnostic_only
gas_generation,diagnostic_only
nuclear_generation,diagnostic_only
wind_generation,diagnostic_only
solar_generation,diagnostic_only
hydro_generation,diagnostic_only
pumping_consumption,diagnostic_only
bioenergy_generation,diagnostic_only
net_import_mw,diagnostic_only
residual_load_actual_diagnostic,diagnostic_only
variable_renewables_share_actual_diagnostic,diagnostic_only
low_nuclear_actual_diagnostic,diagnostic_only
residual_load_x_gas_actual_diagnostic,diagnostic_only
low_nuclear_x_demand_actual_diagnostic,diagnostic_only
negative_price_flag_analysis_only,analysis_only_label
spike_flag_analysis_only,analysis_only_label
