model,MAE,RMSE,sMAPE,Bias,n_obs
SARIMA,19.78,26.14,61.0,0.5,6548
Lasso,22.45,28.67,64.53,-3.08,6548
Naive J-1,20.4,29.39,64.72,-0.14,6548
Ridge,23.03,29.42,65.82,-3.03,6548
OLS,23.08,29.53,66.06,-2.9,6548
XGBoost tuned,23.39111097287689,30.26239443354428,61.346951155517424,-11.867853894355042,6548
Random Forest,22.987194234014105,30.683941892067505,59.950424043445786,-9.358701462592688,6548
XGBoost initial,24.042662426001808,31.619126091761782,62.46667740537897,-12.816498782636828,6548
Naive J-7,31.35,43.31,78.95,-1.37,6548
Moyenne horaire,125.82,134.67,112.85,-125.55,6548
